Time, Yaw, MyYaw, TransX, TransY, TransZ
0.000039,-0.000000,-0.000000,11.500000,3.508000,0.000000
1.411556,0.001375,0.079225,11.616418,4.184149,0.000000
1.421830,0.001434,0.082640,11.618077,4.197653,0.000000
1.432230,0.001496,0.086190,11.619757,4.211484,0.000000
1.441812,0.001554,0.089545,11.621304,4.224373,0.000000
1.452001,0.001617,0.093201,11.622949,4.238229,0.000000
1.462051,0.001681,0.096899,11.624570,4.252051,0.000000
1.472255,0.001748,0.100747,11.626214,4.266240,0.000000
1.481986,0.001813,0.104506,11.627780,4.279919,0.000000
1.492539,0.001886,0.108683,11.629476,4.294917,0.000000
1.502034,0.001953,0.112531,11.630999,4.308556,0.000000
1.512388,0.002027,0.116825,11.632657,4.323585,0.000000
1.521959,0.002098,0.120887,11.634186,4.337625,0.000000
1.532008,0.002173,0.125248,11.635787,4.352516,0.000000
1.541898,0.002249,0.129638,11.637359,4.367324,0.000000
1.551818,0.002328,0.134140,11.638930,4.382327,0.000000
1.562328,0.002412,0.139019,11.640590,4.398388,0.000000
1.572251,0.002494,0.143730,11.642150,4.413709,0.000000
1.581774,0.002574,0.148347,11.643642,4.428556,0.000000
1.591854,0.002661,0.153338,11.645214,4.444422,0.000000
1.602180,0.002751,0.158563,11.646817,4.460841,0.000000
1.611827,0.002838,0.163547,11.648308,4.476329,0.000000
1.622043,0.002931,0.168937,11.649878,4.492890,0.000000
1.631933,0.003024,0.174263,11.651389,4.509074,0.000000
1.641879,0.003119,0.179728,11.652900,4.525506,0.000000
1.652068,0.003218,0.185443,11.654438,4.542499,0.000000
1.661821,0.003315,0.191023,11.655901,4.558917,0.000000
1.672001,0.003418,0.196964,11.657417,4.576212,0.000000
1.682089,0.003522,0.202969,11.658908,4.593510,0.000000
1.692228,0.003629,0.209125,11.660395,4.611059,0.000000
1.701758,0.003731,0.215022,11.661782,4.627699,0.000000
1.711603,0.003839,0.221227,11.663202,4.645038,0.000000
1.721939,0.003954,0.227867,11.664680,4.663408,0.000000
1.731806,0.004066,0.234326,11.666078,4.681100,0.000000
1.741665,0.004180,0.240900,11.667461,4.698930,0.000000
1.751696,0.004298,0.247712,11.668854,4.717228,0.000000
1.761672,0.004418,0.254611,11.670224,4.735586,0.000000
1.773852,0.004567,0.263205,11.671876,4.758209,0.000000
1.781743,0.004666,0.268873,11.672934,4.772992,0.000000
1.791800,0.004793,0.276213,11.674268,4.791974,0.000000
1.801720,0.004921,0.283581,11.675566,4.810854,0.000000
1.811892,0.005054,0.291270,11.676880,4.830376,0.000000
1.821735,0.005185,0.298840,11.678134,4.849422,0.000000
1.831719,0.005321,0.306649,11.679387,4.868897,0.000000
1.841685,0.005459,0.314579,11.680620,4.888495,0.000000
1.851812,0.005601,0.322773,11.681853,4.908570,0.000000
1.862267,0.005750,0.331379,11.683104,4.929466,0.000000
1.871634,0.005886,0.339217,11.684206,4.948334,0.000000
1.881826,0.006036,0.347883,11.685384,4.969022,0.000000
1.891693,0.006184,0.356411,11.686503,4.989207,0.000000
1.901610,0.006336,0.365120,11.687606,5.009650,0.000000
1.911959,0.006496,0.374357,11.688734,5.031148,0.000000
1.921691,0.006649,0.383182,11.689772,5.051521,0.000000
1.931692,0.006809,0.392393,11.690815,5.072612,0.000000
1.941707,0.006971,0.401762,11.691836,5.093891,0.000000
1.951732,0.007137,0.411287,11.692833,5.115351,0.000000
1.961697,0.007304,0.420901,11.693798,5.136841,0.000000
1.971842,0.007476,0.430840,11.694755,5.158880,0.000000
1.981797,0.007648,0.440742,11.695668,5.180665,0.000000
1.992577,0.007837,0.451631,11.696627,5.204430,0.000000
2.001970,0.008004,0.461263,11.697436,5.225290,0.000000
2.011959,0.008184,0.471653,11.698269,5.247624,0.000000
2.021873,0.008366,0.482115,11.699069,5.269946,0.000000
2.032336,0.008560,0.493322,11.699881,5.293675,0.000000
2.041750,0.008738,0.503549,11.700585,5.315170,0.000000
2.053248,0.008958,0.516230,11.701408,5.341616,0.000000
2.061754,0.009123,0.525743,11.701991,5.361312,0.000000
2.071708,0.009318,0.537021,11.702645,5.384507,0.000000
2.081746,0.009519,0.548554,11.703272,5.408057,0.000000
2.092004,0.009726,0.560506,11.703879,5.432284,0.000000
2.101850,0.009928,0.572137,11.704430,5.455696,0.000000
2.111847,0.010135,0.584106,11.704956,5.479621,0.000000
2.121781,0.010345,0.596163,11.705445,5.503553,0.000000
2.131673,0.010556,0.608327,11.705898,5.527535,0.000000
2.141777,0.010774,0.620918,11.706326,5.552190,0.000000
2.151787,0.010994,0.633559,11.706714,5.576774,0.000000
2.161777,0.011215,0.646340,11.707065,5.601463,0.000000
2.171724,0.011439,0.659233,11.707379,5.626204,0.000000
2.181734,0.011667,0.672374,11.707657,5.651255,0.000000
2.191594,0.011895,0.685485,11.707894,5.676085,0.000000
2.201646,0.012129,0.699019,11.708098,5.701551,0.000000
2.211670,0.012367,0.712689,11.708261,5.727106,0.000000
2.221714,0.012607,0.726558,11.708386,5.752868,0.000000
2.231596,0.012847,0.740372,11.708469,5.778365,0.000000
2.241734,0.013096,0.754719,11.708513,5.804680,0.000000
2.251833,0.013347,0.769190,11.708515,5.831054,0.000000
2.261652,0.013594,0.783431,11.708477,5.856848,0.000000
2.271833,0.013853,0.798374,11.708394,5.883749,0.000000
2.281703,0.014108,0.813034,11.708271,5.909978,0.000000
2.291638,0.014367,0.827966,11.708105,5.936534,0.000000
2.301721,0.014633,0.843300,11.707892,5.963641,0.000000
2.311703,0.014900,0.858658,11.707637,5.990629,0.000000
2.321796,0.015172,0.874368,11.707334,6.018072,0.000000
2.331637,0.015441,0.889863,11.706994,6.044980,0.000000
2.341621,0.015717,0.905762,11.706603,6.072430,0.000000
2.351811,0.016002,0.922174,11.706156,6.100603,0.000000
2.361795,0.016284,0.938438,11.705671,6.128360,0.000000
2.371916,0.016573,0.955112,11.705131,6.156653,0.000000
2.381738,0.016857,0.971471,11.704559,6.184257,0.000000
2.392210,0.017163,0.989108,11.703898,6.213848,0.000000
2.401589,0.017440,1.005076,11.703260,6.240493,0.000000
2.411750,0.017744,1.022560,11.702519,6.269508,0.000000
2.421665,0.018043,1.039805,11.701746,6.297971,0.000000
2.431754,0.018350,1.057539,11.700907,6.327082,0.000000
2.442536,0.018683,1.076704,11.699954,6.358365,0.000000
2.451692,0.018968,1.093147,11.699096,6.385064,0.000000
2.461751,0.019285,1.111396,11.698104,6.414543,0.000000
2.471766,0.019604,1.129754,11.697062,6.444041,0.000000
2.481757,0.019925,1.148256,11.695969,6.473617,0.000000
2.491776,0.020250,1.167001,11.694818,6.503426,0.000000
2.501709,0.020576,1.185772,11.693623,6.533124,0.000000
2.511682,0.020906,1.204808,11.692368,6.563087,0.000000
2.521626,0.021239,1.223976,11.691062,6.593108,0.000000
2.531693,0.021579,1.243577,11.689683,6.623651,0.000000
2.541712,0.021920,1.263276,11.688253,6.654196,0.000000
2.551808,0.022268,1.283321,11.686754,6.685122,0.000000
2.561799,0.022616,1.303350,11.685212,6.715872,0.000000
2.571679,0.022963,1.323349,11.683629,6.746426,0.000000
2.581757,0.023320,1.343940,11.681956,6.777735,0.000000
2.591664,0.023675,1.364374,11.680252,6.808657,0.000000
2.601749,0.024039,1.385371,11.678457,6.840280,0.000000
2.611744,0.024404,1.406377,11.676616,6.871767,0.000000
2.621805,0.024774,1.427716,11.674702,6.903604,0.000000
2.632090,0.025156,1.449735,11.672681,6.936300,0.000000
2.641815,0.025521,1.470747,11.670709,6.967358,0.000000
2.651993,0.025905,1.492932,11.668582,7.000001,0.000000
2.661621,0.026273,1.514107,11.666510,7.031019,0.000000
2.671686,0.026660,1.536436,11.664280,7.063583,0.000000
2.681669,0.027048,1.558782,11.662004,7.096025,0.000000
2.691712,0.027442,1.581457,11.659649,7.128800,0.000000
2.701948,0.027846,1.604773,11.657181,7.162353,0.000000
2.711711,0.028235,1.627205,11.654762,7.194494,0.000000
2.721783,0.028640,1.650542,11.652201,7.227788,0.000000
2.731860,0.029049,1.674090,11.649571,7.261239,0.000000
2.741688,0.029451,1.697251,11.646940,7.294002,0.000000
2.752042,0.029878,1.721857,11.644097,7.328661,0.000000
2.761693,0.030279,1.744981,11.641381,7.361096,0.000000
2.771725,0.030700,1.769215,11.638490,7.394951,0.000000
2.782177,0.031141,1.794675,11.635403,7.430369,0.000000
2.791683,0.031546,1.818020,11.632529,7.462713,0.000000
2.801823,0.031982,1.843116,11.629394,7.497347,0.000000
2.811699,0.032409,1.867753,11.626270,7.531211,0.000000
2.821637,0.032843,1.892742,11.623057,7.565423,0.000000
2.831817,0.033291,1.918540,11.619691,7.600604,0.000000
2.841858,0.033736,1.944187,11.616299,7.635442,0.000000
2.851643,0.034173,1.969372,11.612922,7.669520,0.000000
2.861856,0.034632,1.995860,11.609322,7.705225,0.000000
2.871676,0.035078,2.021523,11.605788,7.739686,0.000000
2.881867,0.035543,2.048358,11.602045,7.775586,0.000000
2.892450,0.036031,2.076440,11.598076,7.813007,0.000000
2.901738,0.036461,2.101267,11.594524,7.845971,0.000000
2.911679,0.036926,2.128030,11.590649,7.881379,0.000000
2.921766,0.037400,2.155383,11.586640,7.917436,0.000000
2.931657,0.037869,2.182399,11.582634,7.952922,0.000000
2.942010,0.038363,2.210881,11.578360,7.990198,0.000000
2.951653,0.038827,2.237602,11.574304,8.025045,0.000000
2.961572,0.039307,2.265276,11.570057,8.061011,0.000000
2.971734,0.039803,2.293827,11.565625,8.097989,0.000000
2.981837,0.040299,2.322412,11.561139,8.134880,0.000000
2.991679,0.040785,2.350451,11.556690,8.170944,0.000000
3.001920,0.041295,2.379828,11.551979,8.208602,0.000000
3.011938,0.041797,2.408760,11.547290,8.245563,0.000000
3.022027,0.042306,2.438094,11.542486,8.282913,0.000000
3.031702,0.042797,2.466410,11.537801,8.318849,0.000000
3.041713,0.043309,2.495901,11.532873,8.356158,0.000000
3.051707,0.043823,2.525533,11.527872,8.393523,0.000000
3.061629,0.044337,2.555142,11.522825,8.430742,0.000000
3.071630,0.044858,2.585179,11.517656,8.468378,0.000000
3.082462,0.045426,2.617927,11.511964,8.509279,0.000000
3.091646,0.045911,2.645868,11.507061,8.544069,0.000000
3.101660,0.046443,2.676518,11.501634,8.582118,0.000000
3.111650,0.046977,2.707282,11.496136,8.620193,0.000000
3.121982,0.047533,2.739303,11.490360,8.659702,0.000000
3.131753,0.048061,2.769768,11.484815,8.697180,0.000000
3.143051,0.048676,2.805216,11.478301,8.740653,0.000000
3.151981,0.049165,2.833408,11.473074,8.775124,0.000000
3.161987,0.049717,2.865169,11.467137,8.813855,0.000000
3.172090,0.050276,2.897431,11.461053,8.853083,0.000000
3.181835,0.050820,2.928729,11.455101,8.891033,0.000000
3.191727,0.051374,2.960677,11.448974,8.929666,0.000000
3.201644,0.051933,2.992888,11.442746,8.968508,0.000000
3.211635,0.052499,3.025523,11.436383,9.007757,0.000000
3.222058,0.053093,3.059761,11.429651,9.048819,0.000000
3.231668,0.053644,3.091505,11.423359,9.086789,0.000000
3.241610,0.054217,3.124524,11.416762,9.126181,0.000000
3.251702,0.054802,3.158222,11.409975,9.166280,0.000000
3.261785,0.055389,3.192073,11.403103,9.206454,0.000000
3.271742,0.055972,3.225681,11.396226,9.246239,0.000000
3.281800,0.056564,3.259808,11.389189,9.286538,0.000000
3.292816,0.057217,3.297392,11.381376,9.330801,0.000000
3.302203,0.057775,3.329586,11.374630,9.368622,0.000000
3.311732,0.058345,3.362425,11.367700,9.407112,0.000000
3.321684,0.058943,3.396893,11.360373,9.447418,0.000000
3.331711,0.059549,3.431792,11.352899,9.488132,0.000000
3.341741,0.060158,3.466877,11.345330,9.528966,0.000000
3.351680,0.060764,3.501814,11.337736,9.569535,0.000000
3.361789,0.061383,3.537521,11.329919,9.610904,0.000000
3.372158,0.062022,3.574327,11.321801,9.653448,0.000000
3.381614,0.062607,3.608048,11.314310,9.692342,0.000000
3.391768,0.063238,3.644426,11.306173,9.734209,0.000000
3.401711,0.063859,3.680218,11.298109,9.775314,0.000000
3.411645,0.064483,3.716137,11.289961,9.816478,0.000000
3.421615,0.065111,3.752351,11.281688,9.857894,0.000000
3.431779,0.065755,3.789433,11.273157,9.900215,0.000000
3.442390,0.066429,3.828327,11.264146,9.944511,0.000000
3.451699,0.067024,3.862597,11.256151,9.983465,0.000000
3.461698,0.067665,3.899560,11.247472,10.025398,0.000000
3.471744,0.068313,3.936854,11.238656,10.067626,0.000000
3.481982,0.068975,3.975027,11.229569,10.110768,0.000000
3.492355,0.069649,4.013866,11.220261,10.154577,0.000000
3.502066,0.070282,4.050379,11.211451,10.195687,0.000000
3.511593,0.070906,4.086339,11.202720,10.236105,0.000000
3.521710,0.071572,4.124679,11.193350,10.279123,0.000000
3.531667,0.072229,4.162558,11.184032,10.321551,0.000000
3.544431,0.073075,4.211334,11.171945,10.376078,0.000000
3.551777,0.073564,4.239512,11.164917,10.407527,0.000000
3.561745,0.074230,4.277874,11.155295,10.450282,0.000000
3.572137,0.074927,4.318022,11.145159,10.494954,0.000000
3.581741,0.075573,4.355263,11.135696,10.536327,0.000000
3.591574,0.076237,4.393524,11.125915,10.578771,0.000000
3.601844,0.076933,4.433628,11.115596,10.623193,0.000000
3.611712,0.077604,4.472302,11.105583,10.665969,0.000000
3.621763,0.078290,4.511826,11.095285,10.709622,0.000000
3.631656,0.078967,4.550863,11.085050,10.752679,0.000000
3.641683,0.079656,4.590559,11.074577,10.796403,0.000000
3.651790,0.080352,4.630704,11.063920,10.840564,0.000000
3.661837,0.081047,4.670745,11.053224,10.884555,0.000000
3.671697,0.081731,4.710162,11.042629,10.927807,0.000000
3.681830,0.082436,4.750797,11.031640,10.972343,0.000000
3.691694,0.083125,4.790477,11.020843,11.015781,0.000000
3.701839,0.083835,4.831407,11.009637,11.060537,0.000000
3.711934,0.084544,4.872260,10.998383,11.105161,0.000000
3.721724,0.085233,4.911988,10.987373,11.148512,0.000000
3.731757,0.085942,4.952824,10.975987,11.193027,0.000000
3.741988,0.086666,4.994578,10.964273,11.238499,0.000000
3.751692,0.087355,5.034288,10.953065,11.281705,0.000000
3.761888,0.088081,5.076127,10.941185,11.327187,0.000000
3.771693,0.088781,5.116460,10.929664,11.370997,0.000000
3.781618,0.089492,5.157396,10.917900,11.415426,0.000000
3.791606,0.090208,5.198688,10.905962,11.460208,0.000000
3.802391,0.090984,5.243388,10.892959,11.508651,0.000000
3.811674,0.091653,5.281958,10.881671,11.550422,0.000000
3.821780,0.092383,5.324036,10.869284,11.595966,0.000000
3.831724,0.093103,5.365535,10.856994,11.640856,0.000000
3.841777,0.093833,5.407577,10.844469,11.686310,0.000000
3.851728,0.094556,5.449284,10.831968,11.731381,0.000000
3.861793,0.095290,5.491551,10.819223,11.777036,0.000000
3.872029,0.096037,5.534626,10.806156,11.823545,0.000000
3.881679,0.096743,5.575312,10.793739,11.867461,0.000000
3.891804,0.097485,5.618080,10.780609,11.913610,0.000000
3.901655,0.098209,5.659764,10.767736,11.958577,0.000000
3.911709,0.098948,5.702380,10.754495,12.004541,0.000000
3.922111,0.099714,5.746545,10.740689,12.052169,0.000000
3.931715,0.100423,5.787383,10.727845,12.096206,0.000000
3.941677,0.101159,5.829811,10.714423,12.141953,0.000000
3.951741,0.101904,5.872736,10.700761,12.188238,0.000000
3.961685,0.102641,5.915206,10.687162,12.234034,0.000000
3.971658,0.103381,5.957855,10.673423,12.280029,0.000000
3.981707,0.104128,6.000885,10.659477,12.326443,0.000000
3.991673,0.104869,6.043609,10.645546,12.372536,0.000000
4.001640,0.105611,6.086382,10.631514,12.418695,0.000000
4.011683,0.106360,6.129526,10.617273,12.465270,0.000000
4.021816,0.107116,6.173103,10.602801,12.512332,0.000000
4.031735,0.107857,6.215793,10.588536,12.558455,0.000000
4.041713,0.108603,6.258770,10.574087,12.604912,0.000000
4.051705,0.109350,6.301842,10.559516,12.651499,0.000000
4.061918,0.110114,6.345892,10.544521,12.699175,0.000000
4.071788,0.110854,6.388490,10.529929,12.745310,0.000000
4.081891,0.111611,6.432116,10.514893,12.792594,0.000000
4.091710,0.112347,6.474530,10.500182,12.838603,0.000000
4.101836,0.113106,6.518287,10.484910,12.886110,0.000000
4.111684,0.113844,6.560851,10.469961,12.932365,0.000000
4.121832,0.114606,6.604725,10.454454,12.980092,0.000000
4.131751,0.115350,6.647606,10.439201,13.026790,0.000000
4.141984,0.116117,6.691851,10.423362,13.075028,0.000000
4.151665,0.116844,6.733704,10.408282,13.120715,0.000000
4.161645,0.117592,6.776844,10.392641,13.167864,0.000000
4.171710,0.118347,6.820343,10.376766,13.215471,0.000000
4.181916,0.119112,6.864432,10.360569,13.263794,0.000000
4.194062,0.120022,6.916879,10.341161,13.321374,0.000000
4.202313,0.120640,6.952493,10.327893,13.360536,0.000000
4.212889,0.121432,6.998113,10.310792,13.410778,0.000000
4.221921,0.122107,7.037043,10.296102,13.453726,0.000000
4.231742,0.122841,7.079351,10.280038,13.500478,0.000000
4.241969,0.123605,7.123363,10.263213,13.549205,0.000000
4.251549,0.124320,7.164557,10.247360,13.594900,0.000000
4.261645,0.125072,7.207925,10.230559,13.643102,0.000000
4.271616,0.125815,7.250705,10.213870,13.690751,0.000000
4.281670,0.126562,7.293792,10.196946,13.738845,0.000000
4.291998,0.127329,7.337993,10.179461,13.788297,0.000000
4.301594,0.128041,7.379003,10.163126,13.834286,0.000000
4.313794,0.128944,7.431055,10.142232,13.892812,0.000000
4.321732,0.129531,7.464869,10.128563,13.930927,0.000000
4.331693,0.130266,7.507238,10.111326,13.978797,0.000000
4.341625,0.130998,7.549405,10.094048,14.026566,0.000000
4.351698,0.131738,7.592089,10.076431,14.075054,0.000000
4.361840,0.132483,7.634983,10.058598,14.123920,0.000000
4.371720,0.133206,7.676675,10.041137,14.171556,0.000000
4.381927,0.133952,7.719657,10.023001,14.220816,0.000000
4.391763,0.134669,7.760978,10.005437,14.268320,0.000000
4.402138,0.135424,7.804462,9.986812,14.318473,0.000000
4.411820,0.136126,7.844934,9.969346,14.365307,0.000000
4.421747,0.136844,7.886327,9.951349,14.413365,0.000000
4.431777,0.137568,7.928035,9.933076,14.461959,0.000000
4.442321,0.138326,7.971750,9.913771,14.513078,0.000000
4.451653,0.138996,8.010330,9.896601,14.558358,0.000000
4.461856,0.139726,8.052382,9.877742,14.607895,0.000000
4.471967,0.140446,8.093922,9.858962,14.657022,0.000000
4.481643,0.141134,8.133545,9.840907,14.704066,0.000000
4.492097,0.141874,8.176208,9.821308,14.754928,0.000000
4.501641,0.142548,8.215020,9.803333,14.801393,0.000000
4.511675,0.143253,8.255680,9.784351,14.850274,0.000000
4.521679,0.143954,8.296067,9.765340,14.899041,0.000000
4.531566,0.144644,8.335829,9.746467,14.947270,0.000000
4.541566,0.145339,8.375884,9.727295,14.996076,0.000000
4.551650,0.146037,8.416111,9.707876,15.045325,0.000000
4.561919,0.146745,8.456898,9.688014,15.095505,0.000000
4.571607,0.147409,8.495208,9.669197,15.142870,0.000000
4.581977,0.148118,8.536035,9.648967,15.193605,0.000000
4.591797,0.148786,8.574513,9.629731,15.241671,0.000000
4.601697,0.149456,8.613124,9.610258,15.290156,0.000000
4.612099,0.150156,8.653491,9.589712,15.341126,0.000000
4.621587,0.150792,8.690127,9.570896,15.387641,0.000000
4.631956,0.151483,8.729961,9.550251,15.438500,0.000000
4.641690,0.152128,8.767155,9.530794,15.486266,0.000000
4.652329,0.152830,8.807584,9.509441,15.538501,0.000000
4.661738,0.153447,8.843142,9.490482,15.584721,0.000000
4.671625,0.154092,8.880296,9.470489,15.633306,0.000000
4.681934,0.154760,8.918807,9.449562,15.683987,0.000000
4.691671,0.155387,8.954965,9.429721,15.731880,0.000000
4.701935,0.156044,8.992842,9.408730,15.782380,0.000000
4.711721,0.156667,9.028729,9.388642,15.830553,0.000000
4.721934,0.157313,9.065938,9.367602,15.880845,0.000000
4.733278,0.158025,9.106972,9.344142,15.936729,0.000000
4.741908,0.158563,9.137979,9.326232,15.979261,0.000000
4.752023,0.159189,9.174082,9.305172,16.029124,0.000000
4.762097,0.159809,9.209782,9.284124,16.078805,0.000000
4.771636,0.160391,9.243343,9.264128,16.125860,0.000000
4.781725,0.161003,9.278580,9.242910,16.175645,0.000000
4.791695,0.161602,9.313138,9.221870,16.224861,0.000000
4.801701,0.162199,9.347548,9.200687,16.274268,0.000000
4.811697,0.162791,9.381651,9.179456,16.323641,0.000000
4.821694,0.163378,9.415478,9.158157,16.373030,0.000000
4.831645,0.163957,9.448868,9.136889,16.422203,0.000000
4.841563,0.164530,9.481866,9.115626,16.471229,0.000000
4.851820,0.165117,9.515691,9.093568,16.521941,0.000000
4.861632,0.165673,9.547757,9.072405,16.570463,0.000000
4.871714,0.166240,9.580407,9.050595,16.620331,0.000000
4.882191,0.166823,9.614012,9.027860,16.672168,0.000000
4.891601,0.167342,9.643907,9.007383,16.718733,0.000000
4.901676,0.167892,9.675607,8.985400,16.768594,0.000000
4.911886,0.168444,9.707410,8.963057,16.819137,0.000000
4.921633,0.168965,9.737461,8.941668,16.867396,0.000000
4.931871,0.169507,9.768693,8.919144,16.918087,0.000000
4.941692,0.170021,9.798333,8.897478,16.966725,0.000000
4.951745,0.170542,9.828345,8.875241,17.016518,0.000000
4.961937,0.171064,9.858429,8.852637,17.067009,0.000000
4.971677,0.171557,9.886849,8.830982,17.115260,0.000000
4.982013,0.172075,9.916656,8.807943,17.166473,0.000000
4.991755,0.172556,9.944410,8.786177,17.214743,0.000000
5.002104,0.173061,9.973532,8.762997,17.266026,0.000000
5.011920,0.173535,10.000806,8.740958,17.314671,0.000000
5.021818,0.174006,10.027963,8.718682,17.363729,0.000000
5.031692,0.174470,10.054699,8.696413,17.412662,0.000000
5.041701,0.174934,10.081442,8.673786,17.462272,0.000000
5.051953,0.175403,10.108455,8.650557,17.513088,0.000000
5.061724,0.175843,10.133836,8.628372,17.561516,0.000000
5.071680,0.176285,10.159332,8.605718,17.610864,0.000000
5.081689,0.176724,10.184588,8.582896,17.660475,0.000000
5.091704,0.177156,10.209475,8.560015,17.710109,0.000000
5.101986,0.177592,10.234629,8.536473,17.761072,0.000000
5.112077,0.178013,10.258916,8.513324,17.811083,0.000000
5.121743,0.178411,10.281806,8.491108,17.858982,0.000000
5.131775,0.178816,10.305176,8.468007,17.908697,0.000000
5.142307,0.179234,10.329280,8.443709,17.960882,0.000000
5.151694,0.179601,10.350388,8.422014,18.007389,0.000000
5.161796,0.179988,10.372708,8.398626,18.057434,0.000000
5.171879,0.180367,10.394575,8.375239,18.107385,0.000000
5.181757,0.180732,10.415592,8.352291,18.156310,0.000000
5.191613,0.181089,10.436159,8.329358,18.205118,0.000000
5.201695,0.181447,10.456784,8.305859,18.255045,0.000000
5.211673,0.181794,10.476774,8.282568,18.304443,0.000000
5.221695,0.182135,10.496433,8.259137,18.354056,0.000000
5.232371,0.182490,10.516904,8.234140,18.406893,0.000000
5.241683,0.182793,10.534362,8.212304,18.452974,0.000000
5.251623,0.183109,10.552588,8.188964,18.502155,0.000000
5.261692,0.183422,10.570613,8.165289,18.551961,0.000000
5.272014,0.183735,10.588633,8.140987,18.603007,0.000000
5.281640,0.184019,10.605017,8.118295,18.650600,0.000000
5.291608,0.184306,10.621554,8.094766,18.699877,0.000000
5.301655,0.184587,10.637776,8.071024,18.749529,0.000000
5.311725,0.184862,10.653584,8.047198,18.799284,0.000000
5.321748,0.185127,10.668868,8.023455,18.848797,0.000000
5.331669,0.185382,10.683549,7.999931,18.897786,0.000000
5.341675,0.185631,10.697906,7.976178,18.947188,0.000000
5.351737,0.185873,10.711882,7.952271,18.996845,0.000000
5.362280,0.186119,10.726030,7.927194,19.048865,0.000000
5.371660,0.186330,10.738188,7.904863,19.095131,0.000000
5.381656,0.186547,10.750697,7.881045,19.144419,0.000000
5.391569,0.186754,10.762645,7.857402,19.193286,0.000000
5.401851,0.186961,10.774552,7.832862,19.243950,0.000000
5.411713,0.187151,10.785508,7.809307,19.292526,0.000000
5.421671,0.187335,10.796108,7.785503,19.341561,0.000000
5.431591,0.187510,10.806201,7.761775,19.390388,0.000000
5.443475,0.187709,10.817679,7.733327,19.448861,0.000000
5.451733,0.187841,10.825259,7.713546,19.489477,0.000000
5.463372,0.188016,10.835390,7.685653,19.546697,0.000000
5.471710,0.188136,10.842249,7.665658,19.587675,0.000000
5.481805,0.188272,10.850105,7.641442,19.637263,0.000000
5.491738,0.188398,10.857355,7.617602,19.686036,0.000000
5.501718,0.188516,10.864160,7.593640,19.735017,0.000000
5.512152,0.188630,10.870757,7.568576,19.786208,0.000000
5.521668,0.188727,10.876312,7.545712,19.832868,0.000000
5.531701,0.188820,10.881690,7.521595,19.882046,0.000000
5.541632,0.188904,10.886528,7.497720,19.930697,0.000000
5.551670,0.188980,10.890927,7.473581,19.979850,0.000000
5.561750,0.189048,10.894846,7.449336,20.029183,0.000000
5.571833,0.189107,10.898265,7.425082,20.078503,0.000000
5.581655,0.189157,10.901113,7.401452,20.126524,0.000000
5.591593,0.189198,10.903509,7.377541,20.175088,0.000000
5.601650,0.189232,10.905435,7.353345,20.224202,0.000000
5.611624,0.189256,10.906849,7.329348,20.272887,0.000000
5.621692,0.189272,10.907774,7.305123,20.322007,0.000000
5.632174,0.189280,10.908201,7.279908,20.373111,0.000000
5.641896,0.189278,10.908107,7.256521,20.420489,0.000000
5.651649,0.189268,10.907538,7.233067,20.467982,0.000000
5.661756,0.189249,10.906446,7.208764,20.517175,0.000000
5.671582,0.189223,10.904895,7.185142,20.564973,0.000000
5.681640,0.189186,10.902805,7.160971,20.613866,0.000000
5.691621,0.189142,10.900230,7.136993,20.662353,0.000000
5.701940,0.189086,10.897042,7.112212,20.712451,0.000000
5.711640,0.189026,10.893558,7.088926,20.759514,0.000000
5.721710,0.188954,10.889440,7.064761,20.808343,0.000000
5.731562,0.188876,10.884918,7.041133,20.856078,0.000000
5.741719,0.188786,10.879746,7.016786,20.905259,0.000000
5.751651,0.188690,10.874186,6.992990,20.953319,0.000000
5.761575,0.188585,10.868135,6.969228,21.001307,0.000000
5.771732,0.188468,10.861429,6.944923,21.050389,0.000000
5.781701,0.188345,10.854343,6.921086,21.098523,0.000000
5.791747,0.188213,10.846697,6.897081,21.146996,0.000000
5.801783,0.188071,10.838553,6.873118,21.195386,0.000000
5.811697,0.187923,10.830011,6.849465,21.243151,0.000000
5.821643,0.187766,10.820946,6.825757,21.291032,0.000000
5.831582,0.187600,10.811392,6.802085,21.338847,0.000000
5.841634,0.187424,10.801227,6.778166,21.387166,0.000000
5.851676,0.187239,10.790567,6.754294,21.435399,0.000000
5.861597,0.187047,10.779540,6.730733,21.483012,0.000000
5.871599,0.186846,10.767927,6.707005,21.530976,0.000000
5.881859,0.186630,10.755496,6.682690,21.580139,0.000000
5.891642,0.186416,10.743155,6.659533,21.626974,0.000000
5.901755,0.186186,10.729899,6.635622,21.675349,0.000000
5.913177,0.185916,10.714316,6.608649,21.729939,0.000000
5.922050,0.185698,10.701766,6.587723,21.772309,0.000000
5.931655,0.185454,10.687742,6.565097,21.818138,0.000000
5.941632,0.185193,10.672696,6.541628,21.865697,0.000000
5.952130,0.184909,10.656334,6.516965,21.915697,0.000000
5.961841,0.184639,10.640718,6.494184,21.961906,0.000000
5.971666,0.184356,10.624450,6.471168,22.008617,0.000000
5.981571,0.184063,10.607572,6.447998,22.055668,0.000000
5.991631,0.183757,10.589943,6.424502,22.103407,0.000000
6.001708,0.183442,10.571791,6.401003,22.151186,0.000000
6.011619,0.183124,10.553460,6.377929,22.198130,0.000000
6.021779,0.182790,10.534178,6.354313,22.246209,0.000000
6.031644,0.182457,10.514982,6.331423,22.292846,0.000000
6.041560,0.182114,10.495217,6.308453,22.339679,0.000000
6.051723,0.181754,10.474475,6.284955,22.387628,0.000000
6.061772,0.181390,10.453484,6.261763,22.434993,0.000000
6.071691,0.181022,10.432296,6.238912,22.481699,0.000000
6.081652,0.180645,10.410551,6.216007,22.528557,0.000000
6.093218,0.180196,10.384721,6.189469,22.582902,0.000000
6.102352,0.179835,10.363879,6.168553,22.625777,0.000000
6.111623,0.179461,10.342331,6.147364,22.669250,0.000000
6.121764,0.179044,10.318306,6.124233,22.716753,0.000000
6.131673,0.178629,10.294373,6.101679,22.763120,0.000000
6.141947,0.178190,10.269086,6.078346,22.811141,0.000000
6.151790,0.177762,10.244408,6.056040,22.857100,0.000000
6.161730,0.177322,10.219042,6.033565,22.903459,0.000000
6.171627,0.176876,10.193343,6.011236,22.949571,0.000000
6.181781,0.176410,10.166524,5.988384,22.996821,0.000000
6.191708,0.175948,10.139860,5.966094,23.042965,0.000000
6.201621,0.175478,10.112798,5.943889,23.088993,0.000000
6.211783,0.174989,10.084610,5.921183,23.136118,0.000000
6.221697,0.174504,10.056675,5.899087,23.182041,0.000000
6.231823,0.174001,10.027703,5.876576,23.228892,0.000000
6.243955,0.173389,9.992410,5.849683,23.284949,0.000000
6.251631,0.172996,9.969758,5.832713,23.320372,0.000000
6.262312,0.172442,9.937817,5.809156,23.369614,0.000000
6.271645,0.171951,9.909515,5.788628,23.412587,0.000000
6.283207,0.171334,9.873950,5.763273,23.465752,0.000000
6.291691,0.170875,9.847502,5.744721,23.504714,0.000000
6.301672,0.170328,9.816004,5.722950,23.550504,0.000000
6.311714,0.169771,9.783906,5.701113,23.596510,0.000000
6.321662,0.169212,9.751707,5.679544,23.642027,0.000000
6.331648,0.168645,9.718984,5.657956,23.687660,0.000000
6.344059,0.167929,9.677762,5.631218,23.744293,0.000000
6.351666,0.167486,9.652194,5.614879,23.778962,0.000000
6.361800,0.166889,9.617784,5.593175,23.825090,0.000000
6.371695,0.166299,9.583803,5.572050,23.870069,0.000000
6.381746,0.165693,9.548901,5.550661,23.915698,0.000000
6.391700,0.165087,9.513960,5.529549,23.960822,0.000000
6.401678,0.164473,9.478559,5.508455,24.005996,0.000000
6.411683,0.163850,9.442691,5.487375,24.051230,0.000000
6.422152,0.163192,9.404764,5.465395,24.098496,0.000000
6.431760,0.162582,9.369609,5.445294,24.141810,0.000000
6.441677,0.161946,9.332973,5.424617,24.186456,0.000000
6.451593,0.161305,9.295988,5.404014,24.231039,0.000000
6.461667,0.160647,9.258065,5.383161,24.276262,0.000000
6.471933,0.159970,9.219052,5.361987,24.322283,0.000000
6.481617,0.159325,9.181921,5.342089,24.365630,0.000000
6.491760,0.158645,9.142689,5.321325,24.410965,0.000000
6.501788,0.157966,9.103565,5.300877,24.455718,0.000000
6.511667,0.157291,9.064697,5.280809,24.499741,0.000000
6.521654,0.156604,9.025079,5.260600,24.544181,0.000000
6.531678,0.155908,8.984994,5.240398,24.588714,0.000000
6.541721,0.155206,8.944510,5.220237,24.633268,0.000000
6.551717,0.154501,8.903905,5.200254,24.677542,0.000000
6.561735,0.153790,8.862904,5.180310,24.721843,0.000000
6.571714,0.153076,8.821759,5.160525,24.765904,0.000000
6.581773,0.152351,8.779984,5.140667,24.810247,0.000000
6.591641,0.151635,8.738711,5.121268,24.853680,0.000000
6.601724,0.150898,8.696249,5.101532,24.897990,0.000000
6.611992,0.150142,8.652710,5.081523,24.943038,0.000000
6.621702,0.149423,8.611270,5.062686,24.985566,0.000000
6.631758,0.148674,8.568075,5.043263,25.029542,0.000000
6.641756,0.147924,8.524865,5.024043,25.073188,0.000000
6.651740,0.147171,8.481446,5.004934,25.116705,0.000000
6.661675,0.146417,8.437985,4.986009,25.159935,0.000000
6.671996,0.145629,8.392571,4.966442,25.204765,0.000000
6.681679,0.144885,8.349724,4.948173,25.246752,0.000000
6.691682,0.144113,8.305220,4.929388,25.290054,0.000000
6.701688,0.143336,8.260460,4.910689,25.333297,0.000000
6.711681,0.142556,8.215528,4.892107,25.376406,0.000000
6.721676,0.141773,8.170358,4.873615,25.419448,0.000000
6.732247,0.140939,8.122340,4.854156,25.464890,0.000000
6.741625,0.140197,8.079540,4.836983,25.505130,0.000000
6.751671,0.139398,8.033484,4.818678,25.548161,0.000000
6.761734,0.138593,7.987137,4.800437,25.591189,0.000000
6.771720,0.137792,7.940945,4.782433,25.633808,0.000000
6.781860,0.136974,7.893839,4.764248,25.677006,0.000000
6.792028,0.136151,7.846407,4.746114,25.720240,0.000000
6.801614,0.135372,7.801512,4.729109,25.760928,0.000000
6.811676,0.134552,7.754213,4.711357,25.803553,0.000000
6.822071,0.133701,7.705161,4.693121,25.847507,0.000000
6.832124,0.132874,7.657546,4.675586,25.889935,0.000000
6.841695,0.132085,7.612065,4.658987,25.930249,0.000000
6.851910,0.131240,7.563364,4.641371,25.973193,0.000000
6.861707,0.130427,7.516502,4.624574,26.014305,0.000000
6.871716,0.129594,7.468483,4.607513,26.056222,0.000000
6.881805,0.128751,7.419939,4.590420,26.098389,0.000000
6.891659,0.127926,7.372390,4.573824,26.139495,0.000000
6.901671,0.127086,7.323952,4.557064,26.181175,0.000000
6.911700,0.126242,7.275302,4.540378,26.222845,0.000000
6.921613,0.125405,7.227100,4.523988,26.263948,0.000000
6.931678,0.124554,7.178044,4.507450,26.305597,0.000000
6.941683,0.123706,7.129172,4.491116,26.346912,0.000000
6.951699,0.122855,7.080148,4.474869,26.388185,0.000000
6.961659,0.122008,7.031295,4.458816,26.429147,0.000000
6.971749,0.121147,6.981719,4.442661,26.470551,0.000000
6.981716,0.120296,6.932655,4.426808,26.511369,0.000000
6.991737,0.119439,6.883250,4.410975,26.552319,0.000000
7.001675,0.118587,6.834181,4.395380,26.592842,0.000000
7.012054,0.117697,6.782859,4.379205,26.635074,0.000000
7.021767,0.116862,6.734770,4.364172,26.674509,0.000000
7.031690,0.116009,6.685588,4.348920,26.714707,0.000000
7.041922,0.115128,6.634817,4.333304,26.756070,0.000000
7.051798,0.114277,6.585770,4.318339,26.795901,0.000000
7.061746,0.113419,6.536325,4.303372,26.835934,0.000000
7.071747,0.112556,6.486579,4.288434,26.876093,0.000000
7.081968,0.111673,6.435706,4.273280,26.917043,0.000000
7.091686,0.110833,6.387316,4.258978,26.955886,0.000000
7.101716,0.109966,6.337352,4.244326,26.995889,0.000000
7.111659,0.109107,6.287809,4.229910,27.035451,0.000000
7.121653,0.108242,6.238006,4.215532,27.075123,0.000000
7.132042,0.107344,6.186225,4.200700,27.116269,0.000000
7.141667,0.106511,6.138257,4.187067,27.154298,0.000000
7.152002,0.105618,6.086759,4.172543,27.195036,0.000000
7.161687,0.104781,6.038515,4.159042,27.233118,0.000000
7.171667,0.103918,5.988814,4.145237,27.272272,0.000000
7.181665,0.103055,5.939053,4.131521,27.311397,0.000000
7.191717,0.102187,5.889047,4.117843,27.350641,0.000000
7.201792,0.101318,5.838964,4.104248,27.389876,0.000000
7.211675,0.100466,5.789867,4.091021,27.428273,0.000000
7.222056,0.099572,5.738348,4.077249,27.468500,0.000000
7.231655,0.098746,5.690757,4.064622,27.505603,0.000000
7.241627,0.097889,5.641366,4.051614,27.544055,0.000000
7.251696,0.097025,5.591556,4.038594,27.582781,0.000000
7.261727,0.096165,5.541997,4.025737,27.621263,0.000000
7.271625,0.095318,5.493163,4.013163,27.659137,0.000000
7.281674,0.094459,5.443656,4.000511,27.697490,0.000000
7.291777,0.093596,5.393965,3.987907,27.735946,0.000000
7.301909,0.092733,5.344211,3.975383,27.774415,0.000000
7.311658,0.091904,5.296425,3.963443,27.811330,0.000000
7.321623,0.091058,5.247672,3.951351,27.848963,0.000000
7.332213,0.090161,5.195960,3.938623,27.888850,0.000000
7.341709,0.089358,5.149689,3.927320,27.924518,0.000000
7.351631,0.088521,5.101442,3.915619,27.961689,0.000000
7.362352,0.087618,5.049434,3.903102,28.001739,0.000000
7.371739,0.086830,5.004002,3.892251,28.036709,0.000000
7.381665,0.085998,4.956073,3.880886,28.073590,0.000000
7.391626,0.085166,4.908102,3.869595,28.110494,0.000000
7.401601,0.084334,4.860182,3.858400,28.147352,0.000000
7.414319,0.083277,4.799275,3.844292,28.194192,0.000000
7.421690,0.082667,4.764077,3.836200,28.221260,0.000000
7.431952,0.081818,4.715193,3.825037,28.258854,0.000000
7.441690,0.081016,4.668943,3.814555,28.294426,0.000000
7.451651,0.080198,4.621782,3.803945,28.330703,0.000000
7.461652,0.079378,4.574576,3.793406,28.367025,0.000000
7.471780,0.078552,4.526926,3.782849,28.403699,0.000000
7.481714,0.077743,4.480350,3.772608,28.439560,0.000000
7.491613,0.076941,4.434091,3.762514,28.475192,0.000000
7.501888,0.076110,4.386246,3.752154,28.512065,0.000000
7.511782,0.075314,4.340337,3.742291,28.547466,0.000000
7.521699,0.074518,4.294493,3.732517,28.582840,0.000000
7.532196,0.073680,4.246156,3.722292,28.620163,0.000000
7.541799,0.072915,4.202105,3.713047,28.654204,0.000000
7.551630,0.072136,4.157182,3.703691,28.688947,0.000000
7.561649,0.071344,4.111578,3.694266,28.724248,0.000000
7.571690,0.070555,4.066065,3.684934,28.759512,0.000000
7.581702,0.069771,4.020874,3.675743,28.794564,0.000000
7.592295,0.068945,3.973273,3.666139,28.831526,0.000000
7.601676,0.068216,3.931296,3.657739,28.864159,0.000000
7.611673,0.067443,3.886760,3.648896,28.898822,0.000000
7.621593,0.066680,3.842765,3.640230,28.933107,0.000000
7.631653,0.065909,3.798357,3.631554,28.967761,0.000000
7.644436,0.064935,3.742232,3.620692,29.011629,0.000000
7.651807,0.064377,3.710021,3.614509,29.036843,0.000000
7.661855,0.063618,3.666303,3.606179,29.071110,0.000000
7.671654,0.062882,3.623876,3.598162,29.104417,0.000000
7.684450,0.061926,3.568789,3.587852,29.147745,0.000000
7.691569,0.061397,3.538298,3.582194,29.171768,0.000000
7.702322,0.060601,3.492453,3.573751,29.207945,0.000000
7.711651,0.059915,3.452897,3.566529,29.239217,0.000000
7.721687,0.059180,3.410557,3.558864,29.272752,0.000000
7.731709,0.058451,3.368511,3.551319,29.306120,0.000000
7.741687,0.057728,3.326880,3.543915,29.339224,0.000000
7.751638,0.057012,3.285597,3.536637,29.372120,0.000000
7.766389,0.055957,3.224825,3.526044,29.420673,0.000000
7.771778,0.055574,3.202756,3.522232,29.438344,0.000000
7.782088,0.054845,3.160726,3.515025,29.472058,0.000000
7.791645,0.054173,3.121995,3.508444,29.503197,0.000000
7.802158,0.053438,3.079650,3.501318,29.537324,0.000000
7.811675,0.052777,3.041549,3.494966,29.568104,0.000000
7.821666,0.052087,3.001795,3.488400,29.600299,0.000000
7.831684,0.051400,2.962182,3.481922,29.632461,0.000000
7.841703,0.050717,2.922821,3.475547,29.664502,0.000000
7.852199,0.050006,2.881857,3.468980,29.697940,0.000000
7.861813,0.049359,2.844585,3.463065,29.728448,0.000000
7.871628,0.048703,2.806776,3.457124,29.759479,0.000000
7.881693,0.048035,2.768264,3.451134,29.791177,0.000000
7.891640,0.047379,2.730461,3.445315,29.822381,0.000000
7.901688,0.046721,2.692536,3.439539,29.853780,0.000000
7.911719,0.046069,2.654942,3.433875,29.884998,0.000000
7.921699,0.045424,2.617804,3.428340,29.915934,0.000000
7.931619,0.044788,2.581150,3.422937,29.946562,0.000000
7.941652,0.044150,2.544345,3.417571,29.977415,0.000000
7.951882,0.043503,2.507098,3.412204,30.008742,0.000000
7.961617,0.042893,2.471915,3.407192,30.038430,0.000000
7.971668,0.042267,2.435858,3.402114,30.068959,0.000000
7.981690,0.041648,2.400177,3.397149,30.099273,0.000000
7.991581,0.041042,2.365233,3.392345,30.129065,0.000000
8.001779,0.040421,2.329485,3.387490,30.159652,0.000000
8.011660,0.039825,2.295120,3.382881,30.189163,0.000000
8.021617,0.039229,2.260764,3.378331,30.218774,0.000000
8.031833,0.038622,2.225800,3.373761,30.249023,0.000000
8.041713,0.038040,2.192259,3.369434,30.278151,0.000000
8.051846,0.037448,2.158144,3.365092,30.307893,0.000000
8.061618,0.036882,2.125514,3.360995,30.336452,0.000000
8.071634,0.036307,2.092347,3.356888,30.365595,0.000000
8.081857,0.035724,2.058786,3.352791,30.395206,0.000000
8.091733,0.035166,2.026640,3.348924,30.423685,0.000000
8.101567,0.034616,1.994908,3.345161,30.451914,0.000000
8.111777,0.034049,1.962247,3.341347,30.481091,0.000000
8.122333,0.033469,1.928793,3.337503,30.511112,0.000000
8.131606,0.032963,1.899665,3.334207,30.537363,0.000000
8.141611,0.032423,1.868510,3.330737,30.565561,0.000000
8.151753,0.031880,1.837219,3.327309,30.594011,0.000000
8.161606,0.031357,1.807099,3.324065,30.621520,0.000000
8.171740,0.030824,1.776408,3.320816,30.649681,0.000000
8.181892,0.030296,1.745959,3.317650,30.677752,0.000000
8.191617,0.029795,1.717064,3.314700,30.704516,0.000000
8.201670,0.029281,1.687476,3.311734,30.732052,0.000000
8.211716,0.028773,1.658200,3.308856,30.759432,0.000000
8.221605,0.028278,1.629663,3.306106,30.786251,0.000000
8.231865,0.027769,1.600349,3.303337,30.813940,0.000000
8.241678,0.027288,1.572594,3.300771,30.840290,0.000000
8.251789,0.026797,1.544284,3.298209,30.867304,0.000000
8.261734,0.026318,1.516721,3.295769,30.893743,0.000000
8.271673,0.025845,1.489459,3.293410,30.920030,0.000000
8.281759,0.025370,1.462083,3.291098,30.946569,0.000000
8.291703,0.024907,1.435374,3.288896,30.972601,0.000000
8.301738,0.024444,1.408709,3.286752,30.998733,0.000000
8.311648,0.023992,1.382654,3.284712,31.024408,0.000000
8.321655,0.023540,1.356629,3.282729,31.050196,0.000000
8.331689,0.023092,1.330819,3.280817,31.075918,0.000000
8.341812,0.022646,1.305069,3.278966,31.101728,0.000000
8.351661,0.022216,1.280296,3.277238,31.126704,0.000000
8.361673,0.021784,1.255392,3.275555,31.151959,0.000000
8.371637,0.021359,1.230891,3.273954,31.176954,0.000000
8.381831,0.020929,1.206112,3.272391,31.202385,0.000000
8.391745,0.020515,1.182296,3.270942,31.226979,0.000000
8.401716,0.020104,1.158620,3.269556,31.251580,0.000000
8.411697,0.019698,1.135199,3.268239,31.276067,0.000000
8.421704,0.019295,1.111997,3.266988,31.300479,0.000000
8.431696,0.018898,1.089109,3.265809,31.324716,0.000000
8.441669,0.018507,1.066540,3.264700,31.348770,0.000000
8.451750,0.018116,1.044007,3.263647,31.372943,0.000000
8.461859,0.017729,1.021695,3.262660,31.397041,0.000000
8.471755,0.017354,1.000126,3.261760,31.420492,0.000000
8.481675,0.016984,0.978774,3.260922,31.443865,0.000000
8.491802,0.016610,0.957256,3.260133,31.467581,0.000000
8.501976,0.016240,0.935920,3.259406,31.491265,0.000000
8.511625,0.015894,0.915945,3.258777,31.513592,0.000000
8.521782,0.015533,0.895192,3.258179,31.536953,0.000000
8.532478,0.015159,0.873640,3.257618,31.561397,0.000000
8.542221,0.014823,0.854276,3.257168,31.583523,0.000000
8.551840,0.014496,0.835410,3.256780,31.605236,0.000000
8.561857,0.014160,0.816025,3.256434,31.627709,0.000000
8.572118,0.013820,0.796444,3.256142,31.650584,0.000000
8.581811,0.013503,0.778204,3.255922,31.672055,0.000000
8.591793,0.013182,0.759679,3.255752,31.694029,0.000000
8.601692,0.012868,0.741568,3.255639,31.715680,0.000000
8.611644,0.012556,0.723619,3.255582,31.737305,0.000000
8.621838,0.012242,0.705500,3.255579,31.759313,0.000000
8.632133,0.011929,0.687475,3.255634,31.781389,0.000000
8.641662,0.011644,0.671035,3.255736,31.801689,0.000000
8.651708,0.011347,0.653956,3.255896,31.822949,0.000000
8.661688,0.011058,0.637245,3.256106,31.843928,0.000000
8.671830,0.010767,0.620521,3.256373,31.865103,0.000000
8.681773,0.010487,0.604378,3.256685,31.885721,0.000000
8.691601,0.010215,0.588665,3.257042,31.905961,0.000000
8.701902,0.009933,0.572456,3.257468,31.927029,0.000000
8.711649,0.009671,0.557362,3.257918,31.946823,0.000000
8.721669,0.009406,0.542089,3.258427,31.967031,0.000000
8.731642,0.009147,0.527134,3.258982,31.987001,0.000000
8.741683,0.008890,0.512322,3.259586,32.006964,0.000000
8.751793,0.008635,0.497654,3.260241,32.026920,0.000000
8.761678,0.008391,0.483553,3.260926,32.046290,0.000000
8.771726,0.008146,0.469458,3.261666,32.065837,0.000000
8.781645,0.007909,0.455779,3.262439,32.084991,0.000000
8.791631,0.007674,0.442244,3.263259,32.104132,0.000000
8.801678,0.007442,0.428863,3.264127,32.123245,0.000000
8.813011,0.007185,0.414051,3.265155,32.144633,0.000000
8.821696,0.006991,0.402901,3.265978,32.160899,0.000000
8.831673,0.006773,0.390306,3.266960,32.179453,0.000000
8.841825,0.006554,0.377724,3.267998,32.198183,0.000000
8.851783,0.006344,0.365609,3.269055,32.216415,0.000000
8.861912,0.006134,0.353514,3.270167,32.234814,0.000000
8.871875,0.005932,0.341841,3.271298,32.252767,0.000000
8.881618,0.005737,0.330639,3.272438,32.270187,0.000000
8.891660,0.005541,0.319310,3.273647,32.288001,0.000000
8.901688,0.005348,0.308216,3.274890,32.305645,0.000000
8.911572,0.005162,0.297495,3.276147,32.322894,0.000000
8.921751,0.004974,0.286673,3.277475,32.340513,0.000000
8.931665,0.004795,0.276342,3.278800,32.357533,0.000000
8.941653,0.004618,0.266146,3.280166,32.374535,0.000000
8.951665,0.004444,0.256132,3.281566,32.391437,0.000000
8.961809,0.004272,0.246199,3.283014,32.408415,0.000000
8.972122,0.004101,0.236316,3.284518,32.425527,0.000000
8.981762,0.003944,0.227273,3.285950,32.441384,0.000000
8.991691,0.003785,0.218155,3.287451,32.457579,0.000000
9.002571,0.003616,0.208388,3.289127,32.475164,0.000000
9.011638,0.003478,0.200428,3.290547,32.489689,0.000000
9.021725,0.003327,0.191761,3.292151,32.505712,0.000000
9.031665,0.003183,0.183412,3.293756,32.521360,0.000000
9.041720,0.003039,0.175160,3.295404,32.537046,0.000000
9.051673,0.002901,0.167179,3.297058,32.552432,0.000000
9.061753,0.002764,0.159286,3.298755,32.567872,0.000000
9.071715,0.002632,0.151671,3.300454,32.582990,0.000000
9.081609,0.002504,0.144288,3.302162,32.597866,0.000000
9.091627,0.002377,0.136994,3.303912,32.612786,0.000000
9.101685,0.002253,0.129851,3.305688,32.627625,0.000000
9.111973,0.002130,0.122731,3.307524,32.642656,0.000000
9.121699,0.002016,0.116171,3.309278,32.656728,0.000000
9.131707,0.001902,0.109591,3.311100,32.671070,0.000000
9.141698,0.001791,0.103195,3.312935,32.685247,0.000000
9.151677,0.001683,0.096973,3.314784,32.699269,0.000000
9.161651,0.001578,0.090923,3.316647,32.713142,0.000000
9.171757,0.001474,0.084959,3.318550,32.727060,0.000000
9.181769,0.001375,0.079215,3.320448,32.740706,0.000000
9.191733,0.001278,0.073659,3.322351,32.754148,0.000000
9.201730,0.001184,0.068244,3.324273,32.767496,0.000000
9.211761,0.001093,0.062967,3.326213,32.780751,0.000000
9.221675,0.001005,0.057905,3.328142,32.793713,0.000000
9.231811,0.000918,0.052885,3.330124,32.806825,0.000000
9.242246,0.000831,0.047877,3.332176,32.820177,0.000000
9.252084,0.000751,0.043305,3.334119,32.832627,0.000000
9.261570,0.000677,0.039031,3.336000,32.844504,0.000000
9.272013,0.000598,0.034475,3.338080,32.857438,0.000000
9.281790,0.000527,0.030350,3.340034,32.869411,0.000000
9.291669,0.000457,0.026318,3.342014,32.881378,0.000000
9.301789,0.000387,0.022328,3.344049,32.893497,0.000000
9.311730,0.000322,0.018543,3.346054,32.905267,0.000000
9.321674,0.000258,0.014890,3.348063,32.916905,0.000000
9.331699,0.000197,0.011339,3.350094,32.928504,0.000000
9.341656,0.000138,0.007941,3.352113,32.939889,0.000000
9.351851,0.000080,0.004592,3.354184,32.951408,0.000000
9.361626,0.000026,0.001504,3.356172,32.962320,0.000000
9.371735,-0.000027,-0.001566,3.358229,32.973472,0.000000
9.381710,-0.000078,-0.004474,3.360260,32.984341,0.000000
9.391684,-0.000126,-0.007264,3.362291,32.995077,0.000000
9.401568,-0.000172,-0.009913,3.364304,33.005585,0.000000
9.411688,-0.000217,-0.012510,3.366364,33.016210,0.000000
9.421797,-0.000260,-0.014988,3.368421,33.026688,0.000000
9.431824,-0.000301,-0.017335,3.370459,33.036949,0.000000
9.441624,-0.000339,-0.019523,3.372448,33.046849,0.000000
9.451740,-0.000376,-0.021674,3.374498,33.056937,0.000000
9.461648,-0.000411,-0.023678,3.376503,33.066688,0.000000
9.474212,-0.000452,-0.026074,3.379039,33.078868,0.000000
9.481654,-0.000476,-0.027419,3.380537,33.085987,0.000000
9.493840,-0.000512,-0.029504,3.382985,33.097490,0.000000
9.502990,-0.000538,-0.030976,3.384817,33.106000,0.000000
9.511676,-0.000560,-0.032301,3.386552,33.113980,0.000000
9.521827,-0.000586,-0.033761,3.388572,33.123184,0.000000
9.532187,-0.000610,-0.035156,3.390626,33.132441,0.000000
9.542033,-0.000632,-0.036394,3.392571,33.141114,0.000000
9.551729,-0.000651,-0.037532,3.394478,33.149534,0.000000
9.561769,-0.000670,-0.038627,3.396443,33.158129,0.000000
9.571735,-0.000688,-0.039633,3.398385,33.166535,0.000000
9.581651,-0.000704,-0.040554,3.400308,33.174776,0.000000
9.591870,-0.000719,-0.041424,3.402279,33.183141,0.000000
9.601685,-0.000732,-0.042184,3.404161,33.191054,0.000000
9.613520,-0.000746,-0.043007,3.406416,33.200437,0.000000
9.621598,-0.000755,-0.043510,3.407947,33.206744,0.000000
9.632523,-0.000766,-0.044118,3.410003,33.215146,0.000000
9.641699,-0.000773,-0.044566,3.411719,33.222090,0.000000
9.652758,-0.000781,-0.045032,3.413773,33.230325,0.000000
9.661596,-0.000787,-0.045348,3.415402,33.236800,0.000000
9.671573,-0.000792,-0.045646,3.417228,33.243998,0.000000
9.681871,-0.000796,-0.045890,3.419098,33.251303,0.000000
9.694519,-0.000800,-0.046106,3.421374,33.260103,0.000000
9.701680,-0.000801,-0.046187,3.422652,33.265001,0.000000
9.711554,-0.000803,-0.046254,3.424401,33.271658,0.000000
9.721662,-0.000803,-0.046268,3.426175,33.278354,0.000000
9.731678,-0.000802,-0.046231,3.427917,33.284872,0.000000
9.741738,-0.000801,-0.046144,3.429651,33.291303,0.000000
9.751676,-0.000798,-0.046010,3.431346,33.297542,0.000000
9.762142,-0.000795,-0.045820,3.433113,33.303991,0.000000
9.771727,-0.000791,-0.045603,3.434714,33.309789,0.000000
9.781655,-0.000787,-0.045338,3.436356,33.315685,0.000000
9.791739,-0.000781,-0.045027,3.438005,33.321560,0.000000
9.801920,-0.000775,-0.044673,3.439650,33.327378,0.000000
9.813432,-0.000767,-0.044227,3.441488,33.333819,0.000000
9.822305,-0.000761,-0.043851,3.442887,33.338685,0.000000
9.831754,-0.000753,-0.043421,3.444360,33.343772,0.000000
9.841659,-0.000745,-0.042939,3.445885,33.349001,0.000000
9.852549,-0.000735,-0.042375,3.447539,33.354628,0.000000
9.862121,-0.000726,-0.041850,3.448973,33.359471,0.000000
9.871669,-0.000717,-0.041302,3.450386,33.364204,0.000000
9.881759,-0.000706,-0.040697,3.451857,33.369103,0.000000
9.891705,-0.000695,-0.040076,3.453287,33.373828,0.000000
9.901632,-0.000684,-0.039434,3.454694,33.378443,0.000000
9.911759,-0.000673,-0.038757,3.456107,33.383046,0.000000
9.921597,-0.000661,-0.038080,3.457459,33.387418,0.000000
9.931726,-0.000648,-0.037364,3.458828,33.391817,0.000000
9.941609,-0.000636,-0.036649,3.460143,33.396012,0.000000
9.951663,-0.000623,-0.035906,3.461458,33.400179,0.000000
9.961624,-0.000610,-0.035155,3.462740,33.404210,0.000000
9.971708,-0.000597,-0.034383,3.464014,33.408193,0.000000
9.981663,-0.000583,-0.033608,3.465249,33.412028,0.000000
9.991668,-0.000569,-0.032820,3.466468,33.415788,0.000000
10.001811,-0.000555,-0.032011,3.467681,33.419503,0.000000
10.011634,-0.000542,-0.031221,3.468833,33.423009,0.000000
10.021729,-0.000528,-0.030403,3.469994,33.426519,0.000000
10.034305,-0.000510,-0.029376,3.471407,33.430761,0.000000
10.041817,-0.000499,-0.028760,3.472234,33.433227,0.000000
10.051668,-0.000485,-0.027949,3.473298,33.436384,0.000000
10.061690,-0.000471,-0.027123,3.474357,33.439507,0.000000
10.071656,-0.000456,-0.026301,3.475388,33.442525,0.000000
10.081722,-0.000442,-0.025472,3.476405,33.445487,0.000000
10.091621,-0.000428,-0.024658,3.477382,33.448314,0.000000
10.101681,-0.000414,-0.023834,3.478351,33.451103,0.000000
10.111659,-0.000399,-0.023020,3.479290,33.453785,0.000000
10.122247,-0.000385,-0.022161,3.480260,33.456541,0.000000
10.131663,-0.000371,-0.021403,3.481100,33.458915,0.000000
10.141709,-0.000357,-0.020600,3.481974,33.461370,0.000000
10.152103,-0.000343,-0.019778,3.482854,33.463825,0.000000
10.161679,-0.000330,-0.019029,3.483642,33.466013,0.000000
10.171700,-0.000317,-0.018254,3.484444,33.468226,0.000000
10.181696,-0.000303,-0.017491,3.485221,33.470357,0.000000
10.191622,-0.000291,-0.016744,3.485969,33.472400,0.000000
10.201663,-0.000278,-0.015999,3.486704,33.474392,0.000000
10.211636,-0.000265,-0.015273,3.487410,33.476299,0.000000
10.221730,-0.000252,-0.014550,3.488102,33.478156,0.000000
10.231666,-0.000240,-0.013852,3.488761,33.479914,0.000000
10.241656,-0.000228,-0.013165,3.489402,33.481612,0.000000
10.252211,-0.000216,-0.012455,3.490054,33.483333,0.000000
10.261667,-0.000205,-0.011834,3.490617,33.484812,0.000000
10.271718,-0.000194,-0.011189,3.491195,33.486320,0.000000
10.282219,-0.000183,-0.010532,3.491775,33.487826,0.000000
10.291906,-0.000173,-0.009943,3.492289,33.489153,0.000000
10.301880,-0.000162,-0.009354,3.492797,33.490459,0.000000
10.311747,-0.000152,-0.008788,3.493279,33.491692,0.000000
10.321637,-0.000143,-0.008239,3.493743,33.492870,0.000000
10.331858,-0.000133,-0.007690,3.494200,33.494028,0.000000
10.341627,-0.000125,-0.007183,3.494618,33.495079,0.000000
10.351740,-0.000116,-0.006678,3.495030,33.496112,0.000000
10.361780,-0.000107,-0.006195,3.495420,33.497082,0.000000
10.371856,-0.000099,-0.005730,3.495791,33.498003,0.000000
10.381696,-0.000092,-0.005295,3.496135,33.498852,0.000000
10.393197,-0.000083,-0.004810,3.496514,33.499782,0.000000
10.401730,-0.000078,-0.004467,3.496780,33.500431,0.000000
10.411737,-0.000071,-0.004083,3.497075,33.501148,0.000000
10.421709,-0.000065,-0.003719,3.497351,33.501817,0.000000
10.431651,-0.000059,-0.003376,3.497610,33.502440,0.000000
10.441749,-0.000053,-0.003047,3.497856,33.503029,0.000000
10.451711,-0.000048,-0.002741,3.498082,33.503568,0.000000
10.462102,-0.000042,-0.002443,3.498301,33.504089,0.000000
10.471663,-0.000038,-0.002186,3.498488,33.504530,0.000000
10.481680,-0.000034,-0.001934,3.498670,33.504957,0.000000
10.491658,-0.000030,-0.001702,3.498836,33.505346,0.000000
10.501916,-0.000026,-0.001482,3.498992,33.505710,0.000000
10.511718,-0.000022,-0.001289,3.499128,33.506025,0.000000
10.521791,-0.000019,-0.001107,3.499255,33.506318,0.000000
10.531690,-0.000016,-0.000945,3.499368,33.506577,0.000000
10.541765,-0.000014,-0.000796,3.499470,33.506812,0.000000
10.551845,-0.000011,-0.000662,3.499561,33.507019,0.000000
10.562522,-0.000009,-0.000537,3.499646,33.507212,0.000000
10.571692,-0.000008,-0.000443,3.499710,33.507355,0.000000
10.582348,-0.000006,-0.000347,3.499774,33.507499,0.000000
10.591705,-0.000005,-0.000275,3.499822,33.507607,0.000000
10.601632,-0.000004,-0.000209,3.499865,33.507702,0.000000
10.612087,-0.000003,-0.000152,3.499902,33.507785,0.000000
10.621772,-0.000002,-0.000110,3.499930,33.507847,0.000000
10.631635,-0.000001,-0.000075,3.499952,33.507896,0.000000
10.641838,-0.000001,-0.000048,3.499970,33.507935,0.000000
10.651633,-0.000000,-0.000028,3.499982,33.507961,0.000000
10.662033,-0.000000,-0.000014,3.499991,33.507980,0.000000
10.671623,-0.000000,-0.000007,3.499996,33.507991,0.000000
10.681670,-0.000000,-0.000002,3.499999,33.507997,0.000000
10.691692,-0.000000,-0.000000,3.500000,33.508000,0.000000
10.701632,-0.000000,-0.000000,3.500000,33.508000,0.000000
